{"cameraMode":{"drawMode":0,"name":"Shaded","section":"Shading Mode"},"sceneLighting":true,"audioPlay":false,"sceneViewState":{"showFog":true,"showMaterialUpdate":false,"showSkybox":true,"showFlares":true,"showImageEffects":true,"showParticleSystems":true},"in2DMode":false,"pivot":{"x":-6.291531562805176,"y":-4.67323112487793,"z":-0.5525569915771484},"rotation":{"x":-0.2677176296710968,"y":0.24850764870643617,"z":-0.07167958468198776,"w":-0.9281855821609497},"size":44.72557830810547,"orthographic":false}